image_name,image,MAP,UQ[VR],UQ[IE],UQ[MI],UQ[TR],UQ[PS],MAP[50],MAP[75],MAP[Small],MAP[Medium],MAP[Large],MAR[1],MAR[5],MAR[100],MAR[Small],MAR[Medium],MAR[Large]
dataset/sdimg/adv_run_3/image_stable_diffusion_0.jpg,85,0.8104351758956909,0.0,0.0036759999999999,2.12562091530622e-05,7.019860012479127,57.586787362656125,0.8104351758956909,-1.0,-1.0,-1.0,0.8104351758956909,0.25,1.0,1.0,-1.0,-1.0,1.0
dataset/sdimg/adv_run_3/image_stable_diffusion_1.jpg,145,0.5,0.0,0.010685,5.005419665459702e-05,6.191623575938866,61.962261870166046,0.5,-1.0,-1.0,-1.0,0.5,0.0,1.0,1.0,-1.0,-1.0,1.0
dataset/sdimg/adv_run_3/image_stable_diffusion_2.jpg,82,0.800000011920929,0.0,0.009268,1.2639005155403587e-05,23.71872570072254,89.46424726002665,0.800000011920929,-1.0,-1.0,-1.0,0.800000011920929,0.0,1.0,1.0,-1.0,-1.0,1.0
dataset/sdimg/adv_run_3/image_stable_diffusion_3.jpg,70,0.7994053959846497,0.0,0.05568,0.0018053527175483,3.3855867223792115,42.704170198936886,0.7994053959846497,-1.0,-1.0,-1.0,0.7994053959846497,0.5,1.0,1.0,-1.0,-1.0,1.0
dataset/sdimg/adv_run_3/image_stable_diffusion_4.jpg,17,0.6666666865348816,0.0,0.0960675,0.0021395662010179,2.848924974068743,20.9106654339438,0.6666666865348816,-1.0,-1.0,-1.0,0.6666666865348816,0.0,1.0,1.0,-1.0,-1.0,1.0
dataset/sdimg/adv_run_3/image_stable_diffusion_5.jpg,11,0.7909477353096008,0.0,0.011105,2.5720982689072657e-05,8.175417725169973,65.53372357254672,0.7909477353096008,-1.0,-1.0,-1.0,0.7909477353096008,0.1187499985098838,0.5375000238418579,0.875,-1.0,-1.0,0.875
dataset/sdimg/adv_run_3/image_stable_diffusion_6.jpg,79,0.5,0.0,0.008365,0.0001378225968891,4.791473057772964,49.99066529678792,0.5,-1.0,-1.0,-1.0,0.5,0.0,1.0,1.0,-1.0,-1.0,1.0
dataset/sdimg/adv_run_3/image_stable_diffusion_7.jpg,39,0.8520569205284119,0.0,0.0039766666666666,2.762183110648477e-05,12.474651816978977,69.0328489838488,0.8520569205284119,-1.0,-1.0,-1.0,0.8520569205284119,0.2000000029802322,0.800000011920929,1.0,-1.0,-1.0,1.0
dataset/sdimg/adv_run_3/image_stable_diffusion_8.jpg,12,1.0,0.0,0.0138133333333333,2.5838494980265934e-05,6.167176939863712,59.34450056651439,1.0,-1.0,-1.0,-1.0,1.0,0.5,1.0,1.0,-1.0,-1.0,1.0
dataset/sdimg/adv_run_3/image_stable_diffusion_9.jpg,1,0.6666666865348816,0.0,0.0078466666666666,7.212102957940859e-06,42.67235753456439,86.561756188964,0.6666666865348816,-1.0,-1.0,-1.0,0.6666666865348816,0.0,1.0,1.0,-1.0,-1.0,1.0
dataset/sdimg/adv_run_3/image_stable_diffusion_10.jpg,131,0.6666666865348816,0.0,0.02164,0.000258137711742,15.701454202653066,93.40498258311482,0.6666666865348816,-1.0,-1.0,-1.0,0.6666666865348816,0.0,1.0,1.0,-1.0,-1.0,1.0
dataset/sdimg/adv_run_3/image_stable_diffusion_11.jpg,121,0.6666666865348816,0.0,0.0972425,0.0020490510589341,24.820676305810924,60.592247800132384,0.6666666865348816,-1.0,-1.0,-1.0,0.6666666865348816,0.0,1.0,1.0,-1.0,-1.0,1.0
dataset/sdimg/adv_run_3/image_stable_diffusion_12.jpg,27,0.6666666865348816,0.0,0.0104333333333333,2.9505289856183888e-05,3.573571860066925,45.02998279272443,0.6666666865348816,-1.0,-1.0,-1.0,0.6666666865348816,0.025000000372529,1.0,1.0,-1.0,-1.0,1.0
dataset/sdimg/adv_run_3/image_stable_diffusion_13.jpg,7,0.800000011920929,0.0,0.011296,6.874024564615302e-05,12.581356970809283,76.19958842735156,0.800000011920929,-1.0,-1.0,-1.0,0.800000011920929,0.0,1.0,1.0,-1.0,-1.0,1.0
dataset/sdimg/adv_run_3/image_stable_diffusion_14.jpg,33,1.0,0.0,0.203465,0.003562330396597,59.12054466367813,92.48885004265996,1.0,-1.0,-1.0,-1.0,1.0,1.0,1.0,1.0,-1.0,-1.0,1.0
dataset/sdimg/adv_run_3/image_stable_diffusion_15.jpg,130,0.75,0.0,0.0091625,2.416096067088384e-05,30.54609053220017,95.88950003114238,0.75,-1.0,-1.0,-1.0,0.75,0.0,1.0,1.0,-1.0,-1.0,1.0
dataset/sdimg/adv_run_3/image_stable_diffusion_16.jpg,29,0.5,0.0,0.01102,4.1200878833956046e-05,10.29802420716267,76.11652774756004,0.5,-1.0,-1.0,-1.0,0.5,0.0,1.0,1.0,-1.0,-1.0,1.0
dataset/sdimg/adv_run_3/image_stable_diffusion_17.jpg,62,1.0,0.0,0.0139328571428571,4.927721899381599e-05,6.131788803245207,57.40512105282743,1.0,-1.0,-1.0,-1.0,1.0,0.1428571492433548,0.7142857313156128,1.0,-1.0,-1.0,1.0
dataset/sdimg/adv_run_3/image_stable_diffusion_18.jpg,32,0.566257894039154,0.0,0.004045,3.2157830945469764e-05,3.7514462081203233,44.33955209391184,0.566257894039154,-1.0,-1.0,-1.0,0.566257894039154,1.0,1.0,1.0,-1.0,-1.0,1.0
dataset/sdimg/adv_run_3/image_stable_diffusion_19.jpg,107,1.0,0.0,0.0293466666666666,0.0014586409861837,8.342611130518684,62.19768921582496,1.0,-1.0,-1.0,-1.0,1.0,1.0,1.0,1.0,-1.0,-1.0,1.0
dataset/sdimg/adv_run_3/image_stable_diffusion_20.jpg,141,0.5,0.0,0.0107149999999999,4.589522814439986e-05,6.841092032277956,64.14625452844447,0.5,-1.0,-1.0,-1.0,0.5,0.0,1.0,1.0,-1.0,-1.0,1.0
dataset/sdimg/adv_run_3/image_stable_diffusion_21.jpg,134,0.7407407164573669,0.0,0.0801149999999999,0.0058261611826709,6379.8666541843295,989.6152230309611,0.7407407164573669,-1.0,-1.0,-1.0,0.7407407164573669,0.6499999761581421,1.0,1.0,-1.0,-1.0,1.0
dataset/sdimg/adv_run_3/image_stable_diffusion_22.jpg,24,0.800000011920929,0.0,0.006494,4.430962296024174e-05,11.86893765202351,78.1710965095647,0.800000011920929,-1.0,-1.0,-1.0,0.800000011920929,0.0,1.0,1.0,-1.0,-1.0,1.0
dataset/sdimg/adv_run_3/image_stable_diffusion_23.jpg,103,0.5,0.0,0.02596,0.0027757558431985,3442.3624556849145,827.6806821463273,0.5,-1.0,-1.0,-1.0,0.5,0.0,1.0,1.0,-1.0,-1.0,1.0
dataset/sdimg/adv_run_3/image_stable_diffusion_24.jpg,112,0.958384096622467,0.0,0.0092299999999999,2.521691552998125e-05,10.901050330777654,65.54140043961891,0.958384096622467,-1.0,-1.0,-1.0,0.958384096622467,1.0,1.0,1.0,-1.0,-1.0,1.0
dataset/sdimg/adv_run_3/image_stable_diffusion_25.jpg,115,0.858646035194397,0.0,0.005262,2.445598740547718e-05,4.0606176455430685,47.531336710753685,0.858646035194397,-1.0,-1.0,-1.0,0.858646035194397,0.25,1.0,1.0,-1.0,-1.0,1.0
dataset/sdimg/adv_run_3/image_stable_diffusion_26.jpg,128,0.546180784702301,0.0,0.0317583333333333,8.311868944753148e-05,4.990413885955932,45.92521220612253,0.546180784702301,-1.0,-1.0,-1.0,0.546180784702301,0.25,0.75,0.762499988079071,-1.0,-1.0,0.762499988079071
dataset/sdimg/adv_run_3/image_stable_diffusion_27.jpg,34,0.8571428656578064,0.0,0.006,2.681402168446364e-05,8.161047088931664,63.58439586093053,0.8571428656578064,-1.0,-1.0,-1.0,0.8571428656578064,0.0,0.6666666865348816,1.0,-1.0,-1.0,1.0
dataset/sdimg/adv_run_3/image_stable_diffusion_28.jpg,6,0.8657932877540588,0.0,0.25369,0.0021328916099994,40.3040404941256,87.21657774074478,0.8657932877540588,-1.0,-1.0,-1.0,0.8657932877540588,0.3333333432674408,1.0,1.0,-1.0,-1.0,1.0
dataset/sdimg/adv_run_3/image_stable_diffusion_29.jpg,109,0.803960382938385,0.0,0.0048959999999999,1.1697637622795892e-05,20.82031403898913,97.57038467859536,0.803960382938385,-1.0,-1.0,-1.0,0.803960382938385,0.1875,1.0,1.0,-1.0,-1.0,1.0
dataset/sdimg/adv_run_3/image_stable_diffusion_30.jpg,43,0.8520569205284119,0.0,0.01222,9.079922491257574e-05,8.031205485245517,69.9794936162596,0.8520569205284119,-1.0,-1.0,-1.0,0.8520569205284119,0.2000000029802322,0.800000011920929,1.0,-1.0,-1.0,1.0
dataset/sdimg/adv_run_3/image_stable_diffusion_31.jpg,142,0.8871679902076721,0.0,0.0110479999999999,2.477054361133321e-05,7.499823901562484,64.79484674676364,0.8871679902076721,-1.0,-1.0,-1.0,0.8871679902076721,0.25,1.0,1.0,-1.0,-1.0,1.0
dataset/sdimg/adv_run_3/image_stable_diffusion_32.jpg,119,0.800000011920929,0.0,0.012086,7.010423552774488e-05,9.58028645917587,70.59538387742607,0.800000011920929,-1.0,-1.0,-1.0,0.800000011920929,0.0,1.0,1.0,-1.0,-1.0,1.0
dataset/sdimg/adv_run_3/image_stable_diffusion_33.jpg,44,0.5,0.0,0.009125,1.6861958537696224e-05,2.3543487109942363,22.86233049558064,0.5,-1.0,-1.0,-1.0,0.5,0.0,1.0,1.0,-1.0,-1.0,1.0
dataset/sdimg/adv_run_3/image_stable_diffusion_34.jpg,46,0.9995110630989076,0.0,0.0105119999999999,7.477862993077126e-05,9.666563885474112,70.35179291914463,0.9995110630989076,-1.0,-1.0,-1.0,0.9995110630989076,0.25,1.0,1.0,-1.0,-1.0,1.0
dataset/sdimg/adv_run_3/image_stable_diffusion_35.jpg,0,0.5613895654678345,0.0,0.0827649999999999,0.0016106570163539,3.32053259855512,36.3382387065748,0.5613895654678345,-1.0,-1.0,-1.0,0.5613895654678345,0.6499999761581421,1.0,1.0,-1.0,-1.0,1.0
dataset/sdimg/adv_run_3/image_stable_diffusion_36.jpg,96,0.965453565120697,0.0,0.007124,5.380802247986448e-05,10.117694498989731,72.8956608612717,0.965453565120697,-1.0,-1.0,-1.0,0.965453565120697,0.25,1.0,1.0,-1.0,-1.0,1.0
dataset/sdimg/adv_run_3/image_stable_diffusion_37.jpg,77,0.8355511426925659,0.0,0.003668,1.0838781720904126e-05,3.9524705214495777,47.83733346869051,0.8355511426925659,-1.0,-1.0,-1.0,0.8355511426925659,0.25,1.0,1.0,-1.0,-1.0,1.0
dataset/sdimg/adv_run_3/image_stable_diffusion_38.jpg,30,0.8571428656578064,0.0,0.01067125,2.014249043207826e-05,8.437293811232351,61.68650734625057,0.8571428656578064,-1.0,-1.0,-1.0,0.8571428656578064,0.0,0.6666666865348816,1.0,-1.0,-1.0,1.0
dataset/sdimg/adv_run_3/image_stable_diffusion_39.jpg,8,0.8078799843788147,0.0,0.011104,6.170817575216107e-05,10.593868520074524,74.33128082532504,0.8078799843788147,-1.0,-1.0,-1.0,0.8078799843788147,0.1624999940395355,1.0,1.0,-1.0,-1.0,1.0
dataset/sdimg/adv_run_3/image_stable_diffusion_40.jpg,106,0.75,0.0,0.0098175,9.308146555323403e-06,8.662759073068736,69.72403185660987,0.75,-1.0,-1.0,-1.0,0.75,0.0,1.0,1.0,-1.0,-1.0,1.0
dataset/sdimg/adv_run_3/image_stable_diffusion_41.jpg,127,0.4381824135780334,0.0,0.2289683333333333,0.0033118574217857,159.09974563678642,158.8286046209804,0.4381824135780334,-1.0,-1.0,-1.0,0.4381824135780334,0.0,0.6666666865348816,0.6666666865348816,-1.0,-1.0,0.6666666865348816
dataset/sdimg/adv_run_3/image_stable_diffusion_42.jpg,19,0.800000011920929,0.0,0.012404,7.881850083634526e-05,9.9251398505182,67.78582954337476,0.800000011920929,-1.0,-1.0,-1.0,0.800000011920929,0.0,1.0,1.0,-1.0,-1.0,1.0
dataset/sdimg/adv_run_3/image_stable_diffusion_43.jpg,38,0.6444910168647766,0.0,0.0403375,0.0018889751006902,3.960259268090928,38.06138750748668,0.6444910168647766,-1.0,-1.0,-1.0,0.6444910168647766,0.449999988079071,1.0,1.0,-1.0,-1.0,1.0
dataset/sdimg/adv_run_3/image_stable_diffusion_44.jpg,137,0.5,0.0,0.015735,0.0003353841251203,14.298152008960024,76.0126021770983,0.5,-1.0,-1.0,-1.0,0.5,0.0,1.0,1.0,-1.0,-1.0,1.0
dataset/sdimg/adv_run_3/image_stable_diffusion_45.jpg,64,0.800000011920929,0.0,0.0125319999999999,2.5645174667347347e-05,5.632301725396887,49.99653690200695,0.800000011920929,-1.0,-1.0,-1.0,0.800000011920929,0.0,1.0,1.0,-1.0,-1.0,1.0
dataset/sdimg/adv_run_3/image_stable_diffusion_46.jpg,61,0.9182338118553162,0.0,0.004544,3.415484140357001e-05,4.710298786594533,50.78861696225721,0.9182338118553162,-1.0,-1.0,-1.0,0.9182338118553162,0.25,1.0,1.0,-1.0,-1.0,1.0
dataset/sdimg/adv_run_3/image_stable_diffusion_47.jpg,150,0.6666666865348816,0.0,0.0118475,3.459847780256276e-05,5.009587089028209,49.01305562688073,0.6666666865348816,-1.0,-1.0,-1.0,0.6666666865348816,0.0,1.0,1.0,-1.0,-1.0,1.0
dataset/sdimg/adv_run_3/image_stable_diffusion_48.jpg,139,0.566257894039154,0.0,0.0048649999999999,1.2447273555965487e-05,2.869191608624533,40.96121267629995,0.566257894039154,-1.0,-1.0,-1.0,0.566257894039154,1.0,1.0,1.0,-1.0,-1.0,1.0
dataset/sdimg/adv_run_3/image_stable_diffusion_49.jpg,147,0.6415016651153564,0.0,0.00602,5.045805862178519e-05,5.80658735757228,52.770673170345546,0.6415016651153564,-1.0,-1.0,-1.0,0.6415016651153564,0.4000000059604645,1.0,1.0,-1.0,-1.0,1.0
dataset/sdimg/adv_run_3/image_stable_diffusion_50.jpg,110,0.1810466796159744,0.0,0.01097,0.0002178538778358,3.678096336197729,42.5863323857098,0.1810466796159744,-1.0,-1.0,-1.0,0.1810466796159744,0.0,0.5,0.5,-1.0,-1.0,0.5
dataset/sdimg/adv_run_3/image_stable_diffusion_51.jpg,52,0.6666666865348816,0.0,0.01108,6.622771982865835e-06,7.600770053019126,63.54805445152738,0.6666666865348816,-1.0,-1.0,-1.0,0.6666666865348816,0.0,1.0,1.0,-1.0,-1.0,1.0
dataset/sdimg/adv_run_3/image_stable_diffusion_52.jpg,20,0.5,0.0,0.01091,0.0002337600271442,6.501499784233747,62.17303109441984,0.5,-1.0,-1.0,-1.0,0.5,0.0,1.0,1.0,-1.0,-1.0,1.0
dataset/sdimg/adv_run_3/image_stable_diffusion_53.jpg,23,0.566257894039154,0.0,0.2041075,0.0053206738624254,3.895289577048097,47.06727426080582,0.566257894039154,-1.0,-1.0,-1.0,0.566257894039154,1.0,1.0,1.0,-1.0,-1.0,1.0
dataset/sdimg/adv_run_3/image_stable_diffusion_54.jpg,16,0.7648846507072449,0.0,0.020162,0.0025218988689069,1730.569857377007,345.7709261718949,0.7648846507072449,-1.0,-1.0,-1.0,0.7648846507072449,0.3333333432674408,1.0,1.0,-1.0,-1.0,1.0
dataset/sdimg/adv_run_3/image_stable_diffusion_55.jpg,133,0.800000011920929,0.0,0.012476,6.45654215530353e-05,5.855772243156098,57.58003496325252,0.800000011920929,-1.0,-1.0,-1.0,0.800000011920929,0.0,1.0,1.0,-1.0,-1.0,1.0
dataset/sdimg/adv_run_3/image_stable_diffusion_56.jpg,140,0.6666666865348816,0.0,0.0252933333333333,4.628256624035256e-06,0.917655347570156,12.969286092451943,0.6666666865348816,-1.0,-1.0,-1.0,0.6666666865348816,0.0,1.0,1.0,-1.0,-1.0,1.0
dataset/sdimg/adv_run_3/image_stable_diffusion_57.jpg,113,0.7055754065513611,0.0,0.00789,5.6210913360872725e-05,7.15404253691883,56.43453146406357,0.7055754065513611,-1.0,-1.0,-1.0,0.7055754065513611,0.025000000372529,1.0,1.0,-1.0,-1.0,1.0
dataset/sdimg/adv_run_3/image_stable_diffusion_58.jpg,73,0.8619335293769836,0.0,0.0072675,2.135089753259052e-05,8.787784074168094,59.7635501040847,0.8619335293769836,-1.0,-1.0,-1.0,0.8619335293769836,0.1666666716337204,0.6666666865348816,1.0,-1.0,-1.0,1.0
dataset/sdimg/adv_run_3/image_stable_diffusion_59.jpg,41,0.7648846507072449,0.0,0.0087075,1.844369921500809e-05,4.012741572536761,48.43157823761316,0.7648846507072449,-1.0,-1.0,-1.0,0.7648846507072449,0.3333333432674408,1.0,1.0,-1.0,-1.0,1.0
dataset/sdimg/adv_run_3/image_stable_diffusion_60.jpg,148,0.7928125858306885,0.0,0.011925,2.2205228346464968e-05,5.034761228127172,58.61450958723786,0.7928125858306885,-1.0,-1.0,-1.0,0.7928125858306885,1.0,1.0,1.0,-1.0,-1.0,1.0
dataset/sdimg/adv_run_3/image_stable_diffusion_61.jpg,78,0.7575019001960754,0.0,0.0125875,0.000110385113875,8.076214538069326,70.23224722109016,0.7575019001960754,-1.0,-1.0,-1.0,0.7575019001960754,0.0833333358168602,1.0,1.0,-1.0,-1.0,1.0
dataset/sdimg/adv_run_3/image_stable_diffusion_62.jpg,81,0.5,0.0,0.002345,8.629984773259915e-06,4.388109667496756,49.22876070048972,0.5,-1.0,-1.0,-1.0,0.5,0.0,1.0,1.0,-1.0,-1.0,1.0
dataset/sdimg/adv_run_3/image_stable_diffusion_63.jpg,94,1.0,0.0,0.01038,9.428465826207075e-05,9.4892191995529,73.91565502806243,1.0,-1.0,-1.0,-1.0,1.0,1.0,1.0,1.0,-1.0,-1.0,1.0
dataset/sdimg/adv_run_3/image_stable_diffusion_64.jpg,116,1.0,0.0,0.0733916666666666,0.0016251935258532,6.870130525255942,54.25718873010712,1.0,-1.0,-1.0,-1.0,1.0,0.2000000029802322,1.0,1.0,-1.0,-1.0,1.0
dataset/sdimg/adv_run_3/image_stable_diffusion_65.jpg,80,0.5661365389823914,0.0,0.01852,1.532619540916538e-05,12.653728115068514,81.42987403963178,0.5661365389823914,-1.0,-1.0,-1.0,0.5661365389823914,0.8999999761581421,1.0,1.0,-1.0,-1.0,1.0
dataset/sdimg/adv_run_3/image_stable_diffusion_66.jpg,28,0.6666666865348816,0.0,0.0110633333333333,2.1233177829744407e-05,11.10380698958955,79.57691871615935,0.6666666865348816,-1.0,-1.0,-1.0,0.6666666865348816,0.0,1.0,1.0,-1.0,-1.0,1.0
dataset/sdimg/adv_run_3/image_stable_diffusion_67.jpg,37,0.9926909804344176,0.0,0.0106066666666666,2.0163350326453373e-05,4.507639599575583,50.103902945641615,0.9926909804344176,-1.0,-1.0,-1.0,0.9926909804344176,0.2000000029802322,0.9800000190734864,1.0,-1.0,-1.0,1.0
dataset/sdimg/adv_run_3/image_stable_diffusion_68.jpg,25,0.693726658821106,0.0,0.0061133333333333,1.8122113371998178e-05,3.4536981021294686,43.3132491800097,0.693726658821106,-1.0,-1.0,-1.0,0.693726658821106,0.5,1.0,1.0,-1.0,-1.0,1.0
dataset/sdimg/adv_run_3/image_stable_diffusion_69.jpg,98,1.0,0.0,0.0124,8.310508499244536e-06,7.123477609924739,68.82125565375905,1.0,-1.0,-1.0,-1.0,1.0,1.0,1.0,1.0,-1.0,-1.0,1.0
dataset/sdimg/adv_run_3/image_stable_diffusion_70.jpg,67,0.915841579437256,0.0,0.010015,7.181492413786792e-05,29.06814107537152,93.7936352202723,0.915841579437256,-1.0,-1.0,-1.0,0.915841579437256,0.3333333432674408,1.0,1.0,-1.0,-1.0,1.0
dataset/sdimg/adv_run_3/image_stable_diffusion_71.jpg,83,0.5,0.0,0.01478,1.089358593629264e-05,2.69055936039309,37.95991622723096,0.5,-1.0,-1.0,-1.0,0.5,0.0,1.0,1.0,-1.0,-1.0,1.0
dataset/sdimg/adv_run_3/image_stable_diffusion_72.jpg,143,0.8287867903709412,0.0,0.010366,2.8177410453405007e-05,6.057488962620497,59.12546784417175,0.8287867903709412,-1.0,-1.0,-1.0,0.8287867903709412,0.0375000014901161,1.0,1.0,-1.0,-1.0,1.0
dataset/sdimg/adv_run_3/image_stable_diffusion_73.jpg,75,1.0,0.0,0.00369,3.2764680331113724e-06,7.076106591066345,67.08091876010727,1.0,-1.0,-1.0,-1.0,1.0,1.0,1.0,1.0,-1.0,-1.0,1.0
dataset/sdimg/adv_run_3/image_stable_diffusion_74.jpg,129,0.6666666865348816,0.0,0.00982,7.60641961340391e-06,6.321095168959971,49.96291484033935,0.6666666865348816,-1.0,-1.0,-1.0,0.6666666865348816,0.0,1.0,1.0,-1.0,-1.0,1.0
dataset/sdimg/adv_run_3/image_stable_diffusion_75.jpg,55,0.9704157114028932,0.0,0.00298,8.93567342676513e-06,7.320674025665968,63.60490219227579,0.9704157114028932,-1.0,-1.0,-1.0,0.9704157114028932,0.25,1.0,1.0,-1.0,-1.0,1.0
dataset/sdimg/adv_run_3/image_stable_diffusion_76.jpg,91,0.5,0.0,0.0048099999999999,8.580079198141754e-06,4.4856359718234335,48.04009822642246,0.5,-1.0,-1.0,-1.0,0.5,0.0,1.0,1.0,-1.0,-1.0,1.0
dataset/sdimg/adv_run_3/image_stable_diffusion_77.jpg,90,0.6666666865348816,0.0,0.0146124999999999,3.610386155610554e-06,11.253908897908842,52.42066465434712,0.6666666865348816,-1.0,-1.0,-1.0,0.6666666865348816,0.0,1.0,1.0,-1.0,-1.0,1.0
dataset/sdimg/adv_run_3/image_stable_diffusion_78.jpg,49,0.7174566388130188,0.0,0.0113733333333333,1.0408287376193676e-05,5.541486281408773,57.31309223214441,0.7174566388130188,-1.0,-1.0,-1.0,0.7174566388130188,0.5,1.0,1.0,-1.0,-1.0,1.0
dataset/sdimg/adv_run_3/image_stable_diffusion_79.jpg,31,0.800000011920929,0.0,0.0377583333333333,0.0017649740381526,38.33137058776308,89.96772307185364,0.800000011920929,-1.0,-1.0,-1.0,0.800000011920929,0.0,1.0,1.0,-1.0,-1.0,1.0
dataset/sdimg/adv_run_3/image_stable_diffusion_80.jpg,92,0.6666666865348816,0.0,0.01215,3.385259197314037e-05,6.699147338243201,61.99838382788405,0.6666666865348816,-1.0,-1.0,-1.0,0.6666666865348816,0.0,1.0,1.0,-1.0,-1.0,1.0
dataset/sdimg/adv_run_3/image_stable_diffusion_81.jpg,26,0.6031756401062012,0.0,0.009845,2.5476450460308785e-05,7.236360186748206,66.36983187814272,0.6031756401062012,-1.0,-1.0,-1.0,0.6031756401062012,1.0,1.0,1.0,-1.0,-1.0,1.0
dataset/sdimg/adv_run_3/image_stable_diffusion_82.jpg,18,0.566257894039154,0.0,0.009615,0.0001569944999147,1.813810770637356,29.922192183775717,0.566257894039154,-1.0,-1.0,-1.0,0.566257894039154,1.0,1.0,1.0,-1.0,-1.0,1.0
dataset/sdimg/adv_run_3/image_stable_diffusion_83.jpg,57,0.8374789953231812,0.0,0.01001,0.0003493679946974,8.085704513457603,66.64452919536575,0.8374789953231812,-1.0,-1.0,-1.0,0.8374789953231812,0.699999988079071,1.0,1.0,-1.0,-1.0,1.0
dataset/sdimg/adv_run_3/image_stable_diffusion_84.jpg,125,0.75,0.0,0.0144924999999999,0.0003365770528062,14.955773951219744,81.4477084556317,0.75,-1.0,-1.0,-1.0,0.75,0.0,1.0,1.0,-1.0,-1.0,1.0
dataset/sdimg/adv_run_3/image_stable_diffusion_85.jpg,72,0.6666666865348816,0.0,0.0065699999999999,1.3721795399385494e-05,5.519842991393524,57.57313485340961,0.6666666865348816,-1.0,-1.0,-1.0,0.6666666865348816,0.0,1.0,1.0,-1.0,-1.0,1.0
dataset/sdimg/adv_run_3/image_stable_diffusion_86.jpg,102,0.6666666865348816,0.0,0.0116433333333333,0.0001213886634722,14.594513021362948,73.70363006317241,0.6666666865348816,-1.0,-1.0,-1.0,0.6666666865348816,0.0,1.0,1.0,-1.0,-1.0,1.0
dataset/sdimg/adv_run_3/image_stable_diffusion_87.jpg,15,0.7452520728111267,0.0,0.00942,2.6886914313749403e-05,5.7229565962124616,59.45061604687709,0.7452520728111267,-1.0,-1.0,-1.0,0.7452520728111267,0.1000000014901161,1.0,1.0,-1.0,-1.0,1.0
dataset/sdimg/adv_run_3/image_stable_diffusion_88.jpg,13,0.6666666865348816,0.0,0.0024166666666666,1.5254475186886791e-06,4.889714724246878,49.306598995567946,0.6666666865348816,-1.0,-1.0,-1.0,0.6666666865348816,0.0,1.0,1.0,-1.0,-1.0,1.0
dataset/sdimg/adv_run_3/image_stable_diffusion_89.jpg,68,0.6666666865348816,0.0,0.0117166666666666,4.929098292188351e-05,7.211642423415712,61.936305045308416,0.6666666865348816,-1.0,-1.0,-1.0,0.6666666865348816,0.0,1.0,1.0,-1.0,-1.0,1.0
dataset/sdimg/adv_run_3/image_stable_diffusion_90.jpg,76,0.6666666865348816,0.0,0.0115333333333333,2.612063405117628e-05,6.47049570808808,55.80326184364943,0.6666666865348816,-1.0,-1.0,-1.0,0.6666666865348816,0.0,1.0,1.0,-1.0,-1.0,1.0
dataset/sdimg/adv_run_3/image_stable_diffusion_91.jpg,132,0.824998676776886,0.0,0.0678633333333333,0.0014730324798095,554.1696335983479,292.08200272044905,0.824998676776886,-1.0,-1.0,-1.0,0.824998676776886,0.25,1.0,1.0,-1.0,-1.0,1.0
dataset/sdimg/adv_run_3/image_stable_diffusion_93.jpg,149,0.6666666865348816,0.0,0.0012833333333333,4.092372876279469e-06,1.5664368609734811,30.294161927685952,0.6666666865348816,-1.0,-1.0,-1.0,0.6666666865348816,0.0,1.0,1.0,-1.0,-1.0,1.0
dataset/sdimg/adv_run_3/image_stable_diffusion_94.jpg,4,1.0,0.0,0.0155833333333333,1.1089781961763289e-05,15.941848938883435,93.8196629606935,1.0,-1.0,-1.0,-1.0,1.0,0.3333333432674408,1.0,1.0,-1.0,-1.0,1.0
dataset/sdimg/adv_run_3/image_stable_diffusion_95.jpg,151,0.800000011920929,0.0,0.016148,9.090496027209898e-05,23.02035240233364,90.1307367123278,0.800000011920929,-1.0,-1.0,-1.0,0.800000011920929,0.0,1.0,1.0,-1.0,-1.0,1.0
dataset/sdimg/adv_run_3/image_stable_diffusion_96.jpg,53,0.8695397973060608,0.0,0.008085,8.259978114713866e-05,6.658581735267321,52.23702726786732,0.8695397973060608,-1.0,-1.0,-1.0,0.8695397973060608,0.1666666716337204,0.6666666865348816,1.0,-1.0,-1.0,1.0
dataset/sdimg/adv_run_3/image_stable_diffusion_97.jpg,105,1.0,0.0,0.00127,8.418808544848532e-06,3.80502319294028,43.88605201230882,1.0,-1.0,-1.0,-1.0,1.0,0.5,1.0,1.0,-1.0,-1.0,1.0
dataset/sdimg/adv_run_3/image_stable_diffusion_98.jpg,135,0.8446055054664612,0.0,0.01134,5.341610976663559e-05,7.851952265366756,67.21055705257616,0.8446055054664612,-1.0,-1.0,-1.0,0.8446055054664612,0.2750000059604645,1.0,1.0,-1.0,-1.0,1.0
dataset/sdimg/adv_run_3/image_stable_diffusion_99.jpg,144,1.0,0.0,0.0082599999999999,1.6242065398864138e-05,2.9922524095567256,42.57280673421749,1.0,-1.0,-1.0,-1.0,1.0,0.3333333432674408,1.0,1.0,-1.0,-1.0,1.0
dataset/sdimg/adv_run_3/image_stable_diffusion_100.jpg,54,0.9139121770858764,0.0,0.0097475,7.39206417286883e-05,26.20362039946194,105.50120898068116,0.9139121770858764,-1.0,-1.0,-1.0,0.9139121770858764,0.2166666686534881,1.0,1.0,-1.0,-1.0,1.0
dataset/sdimg/adv_run_3/image_stable_diffusion_101.jpg,97,0.8076009154319763,0.0,0.008254,2.2602360564715256e-05,7.583132744769566,66.17728000397808,0.8076009154319763,-1.0,-1.0,-1.0,0.8076009154319763,0.25,1.0,1.0,-1.0,-1.0,1.0
dataset/sdimg/adv_run_3/image_stable_diffusion_102.jpg,138,0.5,0.0,0.0787774999999999,0.0017285860681942,48.38458596847279,109.38599768393244,0.5,-1.0,-1.0,-1.0,0.5,0.0,1.0,1.0,-1.0,-1.0,1.0
dataset/sdimg/adv_run_3/image_stable_diffusion_103.jpg,63,0.9276643991470336,0.0,0.012222,2.0129994562249377e-05,11.812745299235482,76.43077885126304,0.9276643991470336,-1.0,-1.0,-1.0,0.9276643991470336,0.2000000029802322,1.0,1.0,-1.0,-1.0,1.0
dataset/sdimg/adv_run_3/image_stable_diffusion_104.jpg,59,1.0,0.0,0.0050925,8.018799829376277e-06,6.121185984147451,57.29462340165227,1.0,-1.0,-1.0,-1.0,1.0,0.25,1.0,1.0,-1.0,-1.0,1.0
dataset/sdimg/adv_run_3/image_stable_diffusion_105.jpg,123,0.7672350406646729,0.0,0.0157549999999999,0.0005938761137533,7.780910285134741,64.71167710758583,0.7672350406646729,-1.0,-1.0,-1.0,0.7672350406646729,0.6499999761581421,1.0,1.0,-1.0,-1.0,1.0
dataset/sdimg/adv_run_3/image_stable_diffusion_106.jpg,117,0.6522774696350098,0.0,0.0095349999999999,2.3210956530767424e-05,4.28150443286635,48.05718385543988,0.6522774696350098,-1.0,-1.0,-1.0,0.6522774696350098,1.0,1.0,1.0,-1.0,-1.0,1.0
dataset/sdimg/adv_run_3/image_stable_diffusion_107.jpg,36,0.5,0.0,0.01642,1.3695917010863276e-05,5.767626950144768,56.17768036294724,0.5,-1.0,-1.0,-1.0,0.5,0.0,1.0,1.0,-1.0,-1.0,1.0
dataset/sdimg/adv_run_3/image_stable_diffusion_108.jpg,2,0.9654616713523864,0.0,0.0811566666666666,0.0076254836637063,7.569781605644773,53.96235307325925,0.9654616713523864,-1.0,-1.0,-1.0,0.9654616713523864,0.5,1.0,1.0,-1.0,-1.0,1.0
dataset/sdimg/adv_run_3/image_stable_diffusion_109.jpg,101,0.5,0.0,0.013195,5.711594478681817e-06,6.101982021904551,59.75461061980958,0.5,-1.0,-1.0,-1.0,0.5,0.0,1.0,1.0,-1.0,-1.0,1.0
dataset/sdimg/adv_run_3/image_stable_diffusion_110.jpg,40,0.818963348865509,0.0,0.00873,7.564758250909855e-05,18.46847781674517,87.90871885695931,0.818963348865509,-1.0,-1.0,-1.0,0.818963348865509,0.025000000372529,1.0,1.0,-1.0,-1.0,1.0
dataset/sdimg/adv_run_3/image_stable_diffusion_111.jpg,95,0.5004244446754456,0.0,0.016665,3.020865199842996e-05,7.0540611204569,61.2082425569875,0.5004244446754456,-1.0,-1.0,-1.0,0.5004244446754456,0.3333333432674408,0.6833333373069763,0.6833333373069763,-1.0,-1.0,0.6833333373069763
dataset/sdimg/adv_run_3/image_stable_diffusion_112.jpg,87,0.6666666865348816,0.0,0.1520733333333333,0.0273592748235088,5.03464777675923,51.73285216209092,0.6666666865348816,-1.0,-1.0,-1.0,0.6666666865348816,0.0750000029802322,1.0,1.0,-1.0,-1.0,1.0
dataset/sdimg/adv_run_3/image_stable_diffusion_113.jpg,58,1.0,0.0,0.2479666666666666,0.0204234200253085,7.782074665399428,66.09766498405351,1.0,-1.0,-1.0,-1.0,1.0,0.5,1.0,1.0,-1.0,-1.0,1.0
dataset/sdimg/adv_run_3/image_stable_diffusion_114.jpg,88,0.800000011920929,0.0,0.012195,1.2504237256726984e-06,2.601847101082105,20.197168279595257,0.800000011920929,-1.0,-1.0,-1.0,0.800000011920929,0.0,1.0,1.0,-1.0,-1.0,1.0
dataset/sdimg/adv_run_3/image_stable_diffusion_115.jpg,108,0.7643333673477173,0.0,0.0074466666666666,1.018886584097222e-05,14.312034025678102,83.15149556067348,0.7643333673477173,-1.0,-1.0,-1.0,0.7643333673477173,0.3499999940395355,1.0,1.0,-1.0,-1.0,1.0
dataset/sdimg/adv_run_3/image_stable_diffusion_116.jpg,84,1.0,0.0,0.0643233333333333,-6.330905229836684e-07,2.2570864093513228,19.58586267047248,1.0,-1.0,-1.0,-1.0,1.0,0.3333333432674408,1.0,1.0,-1.0,-1.0,1.0
dataset/sdimg/adv_run_3/image_stable_diffusion_117.jpg,120,0.8113861680030823,0.0,0.0088099999999999,9.064504759190042e-05,4.801821782178789,52.09472788613632,0.8113861680030823,-1.0,-1.0,-1.0,0.8113861680030823,0.25,1.0,1.0,-1.0,-1.0,1.0
dataset/sdimg/adv_run_3/image_stable_diffusion_118.jpg,60,1.0,0.0,0.0120875,3.926548924067675e-05,5.787507694361266,53.82801890003827,1.0,-1.0,-1.0,-1.0,1.0,0.5,1.0,1.0,-1.0,-1.0,1.0
dataset/sdimg/adv_run_3/image_stable_diffusion_119.jpg,86,0.75,0.0,0.007755,0.0001203540302774,8.02270154204918,65.50424579634782,0.75,-1.0,-1.0,-1.0,0.75,0.0,1.0,1.0,-1.0,-1.0,1.0
dataset/sdimg/adv_run_3/image_stable_diffusion_120.jpg,14,0.75,0.0,0.0132675,1.4463601182430376e-05,12.6039153649559,78.18825478406967,0.75,-1.0,-1.0,-1.0,0.75,0.0,1.0,1.0,-1.0,-1.0,1.0
dataset/sdimg/adv_run_3/image_stable_diffusion_121.jpg,114,0.7648846507072449,0.0,0.011835,1.138568928255165e-05,3.672120124483482,47.01738187965893,0.7648846507072449,-1.0,-1.0,-1.0,0.7648846507072449,0.3333333432674408,1.0,1.0,-1.0,-1.0,1.0
dataset/sdimg/adv_run_3/image_stable_diffusion_123.jpg,93,0.75,0.0,0.0097125,1.4836921000932696e-05,6.168928115760791,58.04076002924791,0.75,-1.0,-1.0,-1.0,0.75,0.0,1.0,1.0,-1.0,-1.0,1.0
dataset/sdimg/adv_run_3/image_stable_diffusion_124.jpg,22,0.9287540912628174,0.0,0.0197683333333333,0.0022972410927003,2011.8376025487096,354.398542743771,0.9287540912628174,-1.0,-1.0,-1.0,0.9287540912628174,0.1899999976158142,0.800000011920929,1.0,-1.0,-1.0,1.0
dataset/sdimg/adv_run_3/image_stable_diffusion_125.jpg,65,0.6666666865348816,0.0,0.008145,6.847688058219271e-06,19.982779592466745,77.80723550662759,0.6666666865348816,-1.0,-1.0,-1.0,0.6666666865348816,0.0,1.0,1.0,-1.0,-1.0,1.0
dataset/sdimg/adv_run_3/image_stable_diffusion_126.jpg,99,0.75,0.0,0.0069025,6.514407667433458e-05,11.76376780131308,79.88406678770022,0.75,-1.0,-1.0,-1.0,0.75,0.0,1.0,1.0,-1.0,-1.0,1.0
dataset/sdimg/adv_run_3/image_stable_diffusion_127.jpg,66,1.0,0.0,0.00624,0.0001748794014688,10.93667558916534,85.01874180638936,1.0,-1.0,-1.0,-1.0,1.0,0.3333333432674408,1.0,1.0,-1.0,-1.0,1.0
dataset/sdimg/adv_run_3/image_stable_diffusion_128.jpg,42,0.771746814250946,0.0,0.0107233333333333,8.712258502273825e-06,17.635506314584834,84.39558000762024,0.771746814250946,-1.0,-1.0,-1.0,0.771746814250946,0.4000000059604645,1.0,1.0,-1.0,-1.0,1.0
dataset/sdimg/adv_run_3/image_stable_diffusion_129.jpg,122,0.7583351135253906,0.0,0.1875416666666667,0.0037305364299907,81.9816926374376,131.12879498530177,0.7583351135253906,-1.0,-1.0,-1.0,0.7603260278701782,0.3333333432674408,0.9666666388511658,0.9666666388511658,-1.0,-1.0,0.9666666388511658
dataset/sdimg/adv_run_3/image_stable_diffusion_130.jpg,51,1.0,0.0,0.0109033333333333,7.989988414273952e-06,6.689805113238594,61.58223012144811,1.0,-1.0,-1.0,-1.0,1.0,0.5,1.0,1.0,-1.0,-1.0,1.0
dataset/sdimg/adv_run_3/image_stable_diffusion_132.jpg,71,0.5,0.0,0.0587999999999999,0.0016572201039495,9.528338331189008,48.10010126709329,0.5,-1.0,-1.0,-1.0,0.5,0.0,1.0,1.0,-1.0,-1.0,1.0
dataset/sdimg/adv_run_3/image_stable_diffusion_133.jpg,152,0.8333333134651184,0.0,0.0181866666666666,0.0012013373717443,1089.9994159386372,344.72074519516246,0.8333333134651184,-1.0,-1.0,-1.0,0.8333333134651184,0.0,0.800000011920929,1.0,-1.0,-1.0,1.0
dataset/sdimg/adv_run_3/image_stable_diffusion_135.jpg,146,0.5,0.0,0.011585,0.0001066046195437,7.609580728090368,61.61282514499409,0.5,-1.0,-1.0,-1.0,0.5,0.0,1.0,1.0,-1.0,-1.0,1.0
dataset/sdimg/adv_run_3/image_stable_diffusion_136.jpg,45,0.800000011920929,0.0,0.0083014285714285,2.503106735519104e-05,7.1510231802201805,53.971051592326894,0.800000011920929,-1.0,-1.0,-1.0,0.800000011920929,0.0,1.0,1.0,-1.0,-1.0,1.0
dataset/sdimg/adv_run_3/image_stable_diffusion_137.jpg,136,1.0,0.0833333333333333,0.1841333333333333,0.003232118963395,3.2949152095313674,39.23037647796492,1.0,-1.0,-1.0,1.0,1.0,0.5,1.0,1.0,-1.0,1.0,1.0
dataset/sdimg/adv_run_3/image_stable_diffusion_138.jpg,5,1.0,0.0,0.12772,0.0753301170799753,55251.32064478562,3308.756925099345,1.0,-1.0,-1.0,-1.0,1.0,0.5,1.0,1.0,-1.0,-1.0,1.0
dataset/sdimg/adv_run_3/image_stable_diffusion_139.jpg,10,1.0,0.0,0.2575883333333333,0.0054566107379823,13.208576490642765,65.1935221836762,1.0,-1.0,-1.0,-1.0,1.0,1.0,1.0,1.0,-1.0,-1.0,1.0
dataset/sdimg/adv_run_3/image_stable_diffusion_141.jpg,56,0.3278688490390777,0.0,0.02133,0.0002131977586931,124.13067935842372,200.12789439561857,0.3278688490390777,-1.0,-1.0,-1.0,0.3278688490390777,0.0,1.0,1.0,-1.0,-1.0,1.0
dataset/sdimg/adv_run_3/image_stable_diffusion_142.jpg,69,1.0,0.0,0.073145,0.0476153459875742,13210.874852699042,2122.569894804598,1.0,-1.0,-1.0,-1.0,1.0,0.5,1.0,1.0,-1.0,-1.0,1.0
dataset/sdimg/adv_run_3/image_stable_diffusion_143.jpg,9,0.8104351758956909,0.0,0.0075959999999999,1.109878025287144e-05,6.639818469197955,61.417768906039576,0.8104351758956909,-1.0,-1.0,-1.0,0.8104351758956909,0.25,1.0,1.0,-1.0,-1.0,1.0
dataset/sdimg/adv_run_3/image_stable_diffusion_144.jpg,104,0.6764612197875977,0.0,0.0117575,0.0001524078105669,9.229193237483267,69.1820707669662,0.6764612197875977,-1.0,-1.0,-1.0,0.6764612197875977,0.3333333432674408,0.6833333373069763,0.6833333373069763,-1.0,-1.0,0.6833333373069763
dataset/sdimg/adv_run_3/image_stable_diffusion_145.jpg,124,0.9883987903594972,0.0375,0.30504,0.0298150861936618,21.254352207872447,80.75718061090197,0.9883987903594972,-1.0,-1.0,-1.0,0.9883987903594972,0.3333333432674408,1.0,1.0,-1.0,-1.0,1.0
dataset/sdimg/adv_run_3/image_stable_diffusion_146.jpg,100,0.800000011920929,0.0,0.010446,6.979609073576057e-05,15.969371089546945,90.07036315018954,0.800000011920929,-1.0,-1.0,-1.0,0.800000011920929,0.0,1.0,1.0,-1.0,-1.0,1.0
dataset/sdimg/adv_run_3/image_stable_diffusion_147.jpg,118,0.8117056488990784,0.0,0.010205,0.0001044929896389,7.334345577898786,62.418254576498704,0.8117056488990784,-1.0,-1.0,-1.0,0.8117056488990784,0.0833333358168602,1.0,1.0,-1.0,-1.0,1.0
dataset/sdimg/adv_run_3/image_stable_diffusion_149.jpg,3,1.0,0.0,0.1897633333333333,0.046932231188284,7.892405280816213,68.18401353950601,1.0,-1.0,-1.0,-1.0,1.0,0.5,1.0,1.0,-1.0,-1.0,1.0
dataset/sdimg/adv_run_3/image_stable_diffusion_150.jpg,74,0.7031444907188416,0.0,0.1368199999999999,0.0208933449919406,19.46919326158085,84.71090399387579,0.7031444907188416,-1.0,-1.0,-1.0,0.7031444907188416,0.25,1.0,1.0,-1.0,-1.0,1.0
dataset/sdimg/adv_run_3/image_stable_diffusion_151.jpg,47,1.0,0.0,0.0289183333333333,0.0019141883675619,377.7300374003897,245.00143199558224,1.0,-1.0,-1.0,-1.0,1.0,0.2000000029802322,1.0,1.0,-1.0,-1.0,1.0
dataset/sdimg/adv_run_3/image_stable_diffusion_152.jpg,126,0.800000011920929,0.0,0.008718,1.0479406532738246e-05,6.820686120246071,60.24651369047356,0.800000011920929,-1.0,-1.0,-1.0,0.800000011920929,0.0,1.0,1.0,-1.0,-1.0,1.0
